{"song":{"sectionLengths":[],"player1":"bf","player2":"pico","notes":[{"typeOfSection":0,"sectionNotes":[[0,7,59142.8571428563]],"lengthInSteps":16,"bpm":95,"changeBPM":false,"mustHitSection":false},{"typeOfSection":0,"sectionNotes":[],"lengthInSteps":16,"bpm":175,"changeBPM":false,"mustHitSection":true},{"typeOfSection":0,"sectionNotes":[],"lengthInSteps":16,"bpm":175,"changeBPM":false,"mustHitSection":false},{"typeOfSection":0,"sectionNotes":[],"lengthInSteps":16,"bpm":175,"changeBPM":false,"mustHitSection":false},{"typeOfSection":0,"sectionNotes":[],"lengthInSteps":16,"bpm":175,"changeBPM":false,"mustHitSection":false},{"typeOfSection":0,"sectionNotes":[],"lengthInSteps":16,"bpm":175,"changeBPM":false,"mustHitSection":false},{"typeOfSection":0,"sectionNotes":[],"lengthInSteps":16,"bpm":175,"changeBPM":false,"mustHitSection":true},{"typeOfSection":0,"sectionNotes":[],"lengthInSteps":16,"bpm":175,"changeBPM":false,"mustHitSection":true},{"typeOfSection":0,"sectionNotes":[],"lengthInSteps":16,"bpm":175,"changeBPM":false,"mustHitSection":true},{"typeOfSection":0,"sectionNotes":[],"lengthInSteps":16,"bpm":175,"changeBPM":false,"mustHitSection":true},{"typeOfSection":0,"sectionNotes":[],"lengthInSteps":16,"bpm":175,"changeBPM":false,"mustHitSection":false},{"typeOfSection":0,"sectionNotes":[],"lengthInSteps":16,"bpm":175,"changeBPM":false,"mustHitSection":false},{"typeOfSection":0,"sectionNotes":[],"lengthInSteps":16,"bpm":175,"changeBPM":false,"mustHitSection":false},{"typeOfSection":0,"sectionNotes":[],"lengthInSteps":16,"bpm":175,"changeBPM":false,"mustHitSection":false},{"typeOfSection":0,"sectionNotes":[],"lengthInSteps":16,"bpm":175,"changeBPM":false,"mustHitSection":true},{"typeOfSection":0,"sectionNotes":[],"lengthInSteps":16,"bpm":175,"changeBPM":false,"mustHitSection":true},{"typeOfSection":0,"sectionNotes":[],"lengthInSteps":16,"bpm":175,"changeBPM":false,"mustHitSection":true},{"typeOfSection":0,"sectionNotes":[],"lengthInSteps":16,"bpm":175,"changeBPM":false,"mustHitSection":true},{"typeOfSection":0,"sectionNotes":[],"lengthInSteps":16,"bpm":175,"changeBPM":false,"mustHitSection":false},{"typeOfSection":0,"sectionNotes":[],"lengthInSteps":16,"bpm":175,"changeBPM":false,"mustHitSection":false},{"typeOfSection":0,"sectionNotes":[],"lengthInSteps":16,"bpm":175,"changeBPM":false,"mustHitSection":false},{"typeOfSection":0,"sectionNotes":[],"lengthInSteps":16,"bpm":175,"changeBPM":false,"mustHitSection":false},{"typeOfSection":0,"sectionNotes":[],"lengthInSteps":16,"bpm":175,"changeBPM":false,"mustHitSection":true},{"typeOfSection":0,"sectionNotes":[],"lengthInSteps":16,"bpm":175,"changeBPM":false,"mustHitSection":true},{"typeOfSection":0,"sectionNotes":[],"lengthInSteps":16,"bpm":175,"changeBPM":true,"mustHitSection":true},{"typeOfSection":0,"sectionNotes":[],"lengthInSteps":16,"bpm":175,"changeBPM":false,"mustHitSection":true},{"typeOfSection":0,"sectionNotes":[],"lengthInSteps":16,"bpm":175,"changeBPM":false,"mustHitSection":false},{"typeOfSection":0,"sectionNotes":[],"lengthInSteps":16,"bpm":175,"changeBPM":false,"mustHitSection":false},{"typeOfSection":0,"sectionNotes":[],"lengthInSteps":16,"bpm":175,"changeBPM":false,"mustHitSection":false},{"typeOfSection":0,"sectionNotes":[],"lengthInSteps":16,"bpm":175,"changeBPM":false,"mustHitSection":false},{"typeOfSection":0,"sectionNotes":[],"lengthInSteps":16,"bpm":175,"changeBPM":false,"mustHitSection":true},{"typeOfSection":0,"sectionNotes":[[42522.8571428571,2,0],[42685.7142857143,3,0],[43200,2,0],[43371.4285714286,3,0],[43028.5714285714,0,0],[43542.8571428571,0,0],[43714.2857142857,1,0],[42857.1428571429,2,0]],"lengthInSteps":16,"bpm":175,"changeBPM":false,"mustHitSection":true},{"typeOfSection":0,"sectionNotes":[[43894.2857142857,2,0],[44057.1428571429,3,0],[44571.4285714286,2,0],[44742.8571428571,3,0],[44228.5714285714,1,0],[44400,0,0],[44914.2857142857,0,0],[45085.7142857143,3,0]],"lengthInSteps":16,"bpm":175,"changeBPM":false,"mustHitSection":true},{"typeOfSection":0,"sectionNotes":[[45265.7142857143,2,0],[45428.5714285714,3,0],[45942.8571428571,2,0],[46114.2857142857,3,0],[45771.4285714286,0,0],[46285.7142857143,0,0],[45600,2,0],[46457.1428571429,0,0]],"lengthInSteps":16,"bpm":175,"changeBPM":false,"mustHitSection":true},{"typeOfSection":0,"sectionNotes":[[46637.1428571429,2,0],[46800,3,0],[47314.2857142857,2,0],[47485.7142857143,3,0],[46971.4285714286,1,0],[47142.8571428571,0,0],[47657.1428571429,0,0],[47828.5714285714,3,0]],"lengthInSteps":16,"bpm":175,"changeBPM":false,"mustHitSection":false},{"typeOfSection":0,"sectionNotes":[[48008.5714285714,2,0],[48171.4285714286,3,0],[48685.7142857143,2,0],[48857.1428571429,3,0],[48514.2857142857,0,0],[49028.5714285714,0,0],[49200,1,0],[48342.8571428571,2,0]],"lengthInSteps":16,"bpm":175,"changeBPM":false,"mustHitSection":false},{"typeOfSection":0,"sectionNotes":[[49380,2,0],[49542.8571428571,3,0],[50057.1428571429,2,0],[50228.5714285714,3,0],[49714.2857142857,1,0],[50400,0,0],[50571.4285714286,3,0],[49885.7142857143,1,0]],"lengthInSteps":16,"bpm":175,"changeBPM":false,"mustHitSection":false},{"typeOfSection":0,"sectionNotes":[[51428.5714285714,2,0],[51600,3,0],[51257.1428571429,0,0],[51771.4285714286,0,0],[51085.7142857143,2,0],[51942.8571428571,0,0],[50914.2857142857,3,0],[50757.8571428571,3,0],[51171.4285714286,3,0]],"lengthInSteps":16,"bpm":175,"changeBPM":false,"mustHitSection":false},{"typeOfSection":0,"sectionNotes":[[52122.8571428571,2,0],[52285.7142857143,3,0],[52800,2,0],[52971.4285714286,3,0],[52457.1428571429,1,0],[52628.5714285714,0,0],[53142.8571428571,0,0],[53314.2857142857,3,0]],"lengthInSteps":16,"bpm":175,"changeBPM":false,"mustHitSection":true},{"typeOfSection":0,"sectionNotes":[[53494.2857142857,2,0],[53657.1428571429,3,0],[54171.4285714286,2,0],[54342.8571428571,3,0],[54000,0,0],[54514.2857142857,0,0],[53828.5714285714,2,0],[54685.7142857143,0,0]],"lengthInSteps":16,"bpm":175,"changeBPM":false,"mustHitSection":true},{"typeOfSection":0,"sectionNotes":[[54865.7142857143,2,0],[55028.5714285714,3,0],[55542.8571428571,2,0],[55714.2857142857,3,0],[55200,1,0],[55371.4285714286,0,0],[55885.7142857143,0,0],[56057.1428571429,3,0]],"lengthInSteps":16,"bpm":175,"changeBPM":false,"mustHitSection":true},{"typeOfSection":0,"sectionNotes":[[56237.1428571429,2,0],[56400,3,0],[56914.2857142857,2,0],[57085.7142857143,3,0],[56742.8571428571,0,0],[57257.1428571429,0,0],[56571.4285714286,2,0],[57428.5714285714,0,0]],"lengthInSteps":16,"bpm":175,"changeBPM":false,"mustHitSection":true},{"typeOfSection":0,"sectionNotes":[[57600,3,0],[57771.4285714286,3,0],[57942.8571428571,1,0],[58114.2857142857,1,0],[58285.7142857143,2,0],[58457.1428571429,2,0],[58800,0,0]],"lengthInSteps":16,"bpm":175,"changeBPM":false,"mustHitSection":false},{"typeOfSection":0,"sectionNotes":[[59142.8571428571,3,0],[59742.8571428571,2,0],[59914.2857142857,0,0],[60171.4285714286,1,0],[58971.4285714286,2,0],[59228.5714285714,0,0],[59314.2857142857,3,0],[59485.7142857143,3,0]],"lengthInSteps":16,"bpm":175,"changeBPM":false,"mustHitSection":false},{"typeOfSection":0,"sectionNotes":[[60514.2857142857,3,0],[60857.1428571429,1,0],[61028.5714285714,2,0],[61200,2,0],[61542.8571428571,0,0],[60347.1428571428,3,0],[60600,0,0],[60685.7142857143,3,0]],"lengthInSteps":16,"bpm":175,"changeBPM":false,"mustHitSection":false},{"typeOfSection":0,"sectionNotes":[[61885.7142857143,3,0],[62485.7142857143,2,0],[61714.2857142857,2,0],[62228.5714285714,3,0],[62057.1428571429,0,0],[62742.8571428572,1,0],[62914.2857142857,3,0]],"lengthInSteps":16,"bpm":175,"changeBPM":false,"mustHitSection":false},{"typeOfSection":0,"sectionNotes":[[63085.7142857143,3,0],[63257.1428571429,3,0],[63428.5714285714,1,0],[63600,1,0],[63771.4285714286,2,0],[63942.8571428571,2,0],[64285.7142857143,0,0]],"lengthInSteps":16,"bpm":175,"changeBPM":false,"mustHitSection":true},{"typeOfSection":0,"sectionNotes":[[64628.5714285714,3,0],[65228.5714285714,2,0],[65400,0,0],[65657.1428571428,1,0],[64457.1428571429,2,0],[64714.2857142857,0,0],[64800,3,0],[64971.4285714286,3,0]],"lengthInSteps":16,"bpm":175,"changeBPM":false,"mustHitSection":true},{"typeOfSection":0,"sectionNotes":[[66000,3,0],[66342.8571428571,1,0],[66514.2857142857,2,0],[66685.7142857143,2,0],[67028.5714285714,0,0],[65832.8571428571,3,0],[66085.7142857143,0,0],[66171.4285714286,3,0]],"lengthInSteps":16,"bpm":175,"changeBPM":false,"mustHitSection":true},{"typeOfSection":0,"sectionNotes":[[67371.4285714286,3,0],[67971.4285714286,2,0],[67200,2,0],[67714.2857142857,3,0],[67542.8571428571,0,0],[68228.5714285714,1,0],[68400,3,0]],"lengthInSteps":16,"bpm":175,"changeBPM":false,"mustHitSection":true},{"typeOfSection":0,"sectionNotes":[[68914.2857142857,1,0],[69085.7142857143,3,0],[69257.1428571429,2,0],[69600,1,0],[69771.4285714286,3,0],[68577.8571428571,2,0]],"lengthInSteps":16,"bpm":175,"changeBPM":false,"mustHitSection":false},{"typeOfSection":0,"sectionNotes":[[69951.4285714286,0,0],[70114.2857142857,3,0],[70285.7142857143,1,0],[70971.4285714286,2,0],[71142.8571428571,2,0],[70457.1428571429,0,0],[70714.2857142857,3,0]],"lengthInSteps":16,"bpm":175,"changeBPM":false,"mustHitSection":false},{"typeOfSection":0,"sectionNotes":[[71314.2857142857,3,0],[71485.7142857143,1,0],[71657.1428571429,0,0],[71914.2857142857,3,0],[72085.7142857143,2,0],[72342.8571428571,0,0],[72514.2857142857,2,0]],"lengthInSteps":16,"bpm":175,"changeBPM":false,"mustHitSection":false},{"typeOfSection":0,"sectionNotes":[[72692.1428571428,3,0],[72857.1428571428,3,0],[73028.5714285714,2,0],[73200,0,0],[73371.4285714286,2,0],[73542.8571428571,3,0],[73800,1,0],[73971.4285714286,3,0]],"lengthInSteps":16,"bpm":175,"changeBPM":false,"mustHitSection":false},{"typeOfSection":0,"sectionNotes":[[74057.1428571429,2,0],[74400,1,0],[74571.4285714286,3,0],[74742.8571428571,2,0],[75085.7142857143,1,0],[75257.1428571429,3,0]],"lengthInSteps":16,"bpm":175,"changeBPM":false,"mustHitSection":true},{"typeOfSection":0,"sectionNotes":[[75437.1428571429,0,0],[75600,3,0],[75771.4285714286,1,0],[76200,2,0],[76457.1428571429,2,0],[76628.5714285714,2,0]],"lengthInSteps":16,"bpm":175,"changeBPM":false,"mustHitSection":true},{"typeOfSection":0,"sectionNotes":[[76800,3,0],[76971.4285714286,1,0],[77142.8571428571,0,0],[77400,3,0],[77571.4285714286,2,0],[77828.5714285714,0,0],[78000,0,0]],"lengthInSteps":16,"bpm":175,"changeBPM":false,"mustHitSection":true},{"typeOfSection":0,"sectionNotes":[[78177.8571428571,3,0],[78342.8571428571,3,0],[78514.2857142857,2,0],[78685.7142857143,0,0],[78857.1428571429,2,0],[79028.5714285714,3,0],[79114.2857142857,0,0],[79285.7142857143,1,0]],"lengthInSteps":16,"bpm":175,"changeBPM":false,"mustHitSection":true},{"typeOfSection":0,"sectionNotes":[[79551.4285714286,2,0],[79714.2857142857,3,0],[80228.5714285714,2,0],[80400,3,0],[79885.7142857143,1,0],[80057.1428571429,0,0],[80571.4285714286,0,0],[80742.8571428571,3,0]],"lengthInSteps":16,"bpm":175,"changeBPM":false,"mustHitSection":false},{"typeOfSection":0,"sectionNotes":[[80922.8571428571,2,0],[81085.7142857143,3,0],[81600,2,0],[81771.4285714286,3,0],[81428.5714285714,0,0],[81942.8571428571,0,0],[82114.2857142857,1,0],[81257.1428571429,2,0]],"lengthInSteps":16,"bpm":175,"changeBPM":false,"mustHitSection":false},{"typeOfSection":0,"sectionNotes":[[82294.2857142857,2,0],[82457.1428571429,3,0],[82971.4285714286,2,0],[83142.8571428571,3,0],[82628.5714285714,1,0],[83314.2857142857,0,0],[83485.7142857143,3,0],[82800,1,0]],"lengthInSteps":16,"bpm":175,"changeBPM":false,"mustHitSection":false},{"typeOfSection":0,"sectionNotes":[[84342.8571428571,2,0],[84514.2857142857,3,0],[84171.4285714286,0,0],[84685.7142857143,0,0],[84000,2,0],[84857.1428571429,0,0],[83828.5714285714,3,0],[83672.1428571428,3,0],[84085.7142857143,3,0]],"lengthInSteps":16,"bpm":175,"changeBPM":false,"mustHitSection":false},{"typeOfSection":0,"sectionNotes":[[85037.1428571428,2,0],[85200,3,0],[85714.2857142857,2,0],[85885.7142857143,3,0],[85371.4285714286,1,0],[85542.8571428571,0,0],[86057.1428571428,0,0],[86228.5714285714,3,0]],"lengthInSteps":16,"bpm":175,"changeBPM":false,"mustHitSection":true},{"typeOfSection":0,"sectionNotes":[[86408.5714285714,2,0],[86571.4285714286,3,0],[87085.7142857143,2,0],[87257.1428571428,3,0],[86914.2857142857,0,0],[87428.5714285714,0,0],[86742.8571428571,2,0],[87600,0,0]],"lengthInSteps":16,"bpm":175,"changeBPM":false,"mustHitSection":true},{"typeOfSection":0,"sectionNotes":[[87780,2,0],[87942.8571428571,3,0],[88457.1428571428,2,0],[88628.5714285714,3,0],[88114.2857142857,1,0],[88285.7142857143,0,0],[88800,0,0],[88971.4285714286,3,0]],"lengthInSteps":16,"bpm":175,"changeBPM":false,"mustHitSection":true},{"typeOfSection":0,"sectionNotes":[[89151.4285714286,2,0],[89314.2857142857,3,0],[89828.5714285714,2,0],[90000,3,0],[89657.1428571429,0,0],[90171.4285714286,0,0],[89485.7142857143,2,0],[90342.8571428571,0,0]],"lengthInSteps":16,"bpm":175,"changeBPM":false,"mustHitSection":true},{"typeOfSection":0,"sectionNotes":[[90520.7142857143,1,0]],"lengthInSteps":16,"bpm":175,"changeBPM":false,"mustHitSection":true},{"typeOfSection":0,"sectionNotes":[],"lengthInSteps":16,"bpm":175,"changeBPM":false,"mustHitSection":true},{"typeOfSection":0,"sectionNotes":[],"lengthInSteps":16,"bpm":175,"changeBPM":false,"mustHitSection":true},{"typeOfSection":0,"sectionNotes":[],"lengthInSteps":16,"bpm":175,"changeBPM":false,"mustHitSection":true},{"typeOfSection":0,"sectionNotes":[],"lengthInSteps":16,"bpm":175,"changeBPM":false,"mustHitSection":true},{"typeOfSection":0,"sectionNotes":[],"lengthInSteps":16,"bpm":175,"changeBPM":false,"mustHitSection":true},{"typeOfSection":0,"sectionNotes":[],"lengthInSteps":16,"bpm":175,"changeBPM":false,"mustHitSection":true},{"typeOfSection":0,"sectionNotes":[],"lengthInSteps":16,"bpm":175,"changeBPM":false,"mustHitSection":true},{"lengthInSteps":16,"altAnim":false,"typeOfSection":0,"sectionNotes":[],"bpm":175,"changeBPM":false,"mustHitSection":true},{"lengthInSteps":16,"altAnim":false,"typeOfSection":0,"sectionNotes":[],"bpm":175,"changeBPM":false,"mustHitSection":true},{"lengthInSteps":16,"altAnim":false,"typeOfSection":0,"sectionNotes":[],"bpm":175,"changeBPM":false,"mustHitSection":true}],"song":"Philly","validScore":true,"sections":0,"needsVoices":false,"speed":2,"bpm":175}}